idEncuesta;Nombre Encuesta;FechaFinParticipación;idParticipacion;FechaParticipacion;Distrito;Edad;Nacionalidad;Sexo;Marque NO, en caso de no querer realizar esta encuesta y querer darse de baja en la lista de distribución que se emplea para invitarle a participar en encuestas de satisfacción relacionadas con el servicio que presta Hemeroteca Municipal;¿Con qué finalidad se dirige habitualmente a la Hemeroteca Municipal?;¿Puede decirnos a qué otros fines?;¿Con qué frecuencia acude a la Hemeroteca Municipal?;¿Ha utilizado el servicio de consulta en sala?;Por favor, valore de 0 a 10 su grado de satisfacción con el servicio de consulta en sala.;¿Ha utilizado el servicio de reprografía?;Satisfacción general con el servicio de reprografía;¿Ha participado en alguna actividad organizada por la Hemeroteca Municipal (visitas guiadas, exposiciones, conferencias, talleres, presentaciones, etc.)?;Satisfacción con las actividades culturales;Servicio de información general y especializada;Uso de la red wifi;Hemerotecas digitales y recursos en línea;Acceso a plataformas de prensa (ORBYT, KIOSCO Y MÁS, etc.);Servicio de información general y especializada2;Uso de la red wifi3;Hemerotecas digitales y recursos en línea4;Acceso a plataformas de prensa (ORBYT, KIOSCO Y MÁS, etc.)5;¿Qué fondos son los que más consulta en la Hemeroteca Municipal de Madrid?;¿Conoce la página web de la Hemeroteca Municipal?;La actualización de la información y los contenidos;La facilidad de la búsqueda en el catálogo;La facilidad de localización de obras digitalizadas;Tiempo de descarga de los documentos digitalizados;El edificio y las instalaciones;El horario de apertura;La información general y especializada recibida;El trato y la atención recibidos;El proceso de realización de carnés;¿Cuál es su valoración general de la Hemeroteca Municipal y sus servicios? Valore su satisfacción de 0 a 10.;¿Qué medidas sugiere para mejorar la calidad de los servicios de la Hemeroteca Municipal de Madrid?;¿En cuál de los siguientes grupos de edad se encuentra usted?;De manera global, el servicio prestado por la Hemeroteca Municipal ha sido:;Gracias por su colaboración.
3cc101103f7c0510VgnVCM2000000c205a0aRCRD;Encuesta de satisfacción 2022: Bibliotecas especializadas del Ayuntamiento de Madrid. Hemeroteca Municipal;2022-12-16 00:00:00.0;205642;2022-10-24 11:4:30. 0;;;;;Iniciar la encuesta;Investigación y estudio;;Ocasionalmente;Sí;10;No;;No;;Sí;No;Sí;No;10;NS/NC;10;NS/NC;Publicaciones periódicas siglo XIX;Sí;8;6;8;10;8;10;10;10;10;10;El buscador en internet;Más de 65 años;Mejor de lo que esperaba;NS/NC
3cc101103f7c0510VgnVCM2000000c205a0aRCRD;Encuesta de satisfacción 2022: Bibliotecas especializadas del Ayuntamiento de Madrid. Hemeroteca Municipal;2022-12-16 00:00:00.0;205643;2022-10-24 11:5:9. 0;;;;;Iniciar la encuesta;Interés profesional;;Ocasionalmente;Sí;8;Sí;8;No;;No;No;No;No;No sabe, no contesta;No sabe, no contesta;No sabe, no contesta;No sabe, no contesta;"Publicaciones periódicas siglo XX;Prensa diaria actual";Sí;5;3;2;No sabe, no contesta;9;7;7;9;9;6;;De 30 a 44 años;Igual de lo que esperaba;NS/NC
3cc101103f7c0510VgnVCM2000000c205a0aRCRD;Encuesta de satisfacción 2022: Bibliotecas especializadas del Ayuntamiento de Madrid. Hemeroteca Municipal;2022-12-16 00:00:00.0;205646;2022-10-24 11:8:39. 0;;;;;Iniciar la encuesta;Investigación y estudio;;Varias veces al año;Sí;10;No;;No;;Sí;Sí;Sí;No;10;10;10;No sabe, no contesta;"Publicaciones periódicas siglo XIX;Publicaciones periódicas siglo XX";Sí;No sabe, no contesta;10;9;10;10;10;10;10;9;10;;De 18 a 29 años;Mejor de lo que esperaba;NS/NC
3cc101103f7c0510VgnVCM2000000c205a0aRCRD;Encuesta de satisfacción 2022: Bibliotecas especializadas del Ayuntamiento de Madrid. Hemeroteca Municipal;2022-12-16 00:00:00.0;205647;2022-10-24 11:11:16. 0;;;;;Iniciar la encuesta;Investigación y estudio;;Ocasionalmente;Sí;10;No;;Sí;10;Sí;No;Sí;No;10;NS/NC;10;NS/NC;Publicaciones periódicas siglo XX;Sí;10;10;10;No sabe, no contesta;10;10;10;10;10;10;;De 45 a 64 años;Mejor de lo que esperaba;NS/NC
3cc101103f7c0510VgnVCM2000000c205a0aRCRD;Encuesta de satisfacción 2022: Bibliotecas especializadas del Ayuntamiento de Madrid. Hemeroteca Municipal;2022-12-16 00:00:00.0;205649;2022-10-24 11:16:40. 0;;;;;Iniciar la encuesta;Investigación y estudio;;Una vez al año;Sí;10;Sí;10;No;;Sí;No;Sí;No;10;NS/NC;10;NS/NC;Publicaciones periódicas siglo XIX;Sí;10;10;10;10;10;10;10;10;10;10;;De 45 a 64 años;Mejor de lo que esperaba;NS/NC
3cc101103f7c0510VgnVCM2000000c205a0aRCRD;Encuesta de satisfacción 2022: Bibliotecas especializadas del Ayuntamiento de Madrid. Hemeroteca Municipal;2022-12-16 00:00:00.0;205650;2022-10-24 11:17:48. 0;;;;;Iniciar la encuesta;Interés profesional;;Diariamente;Sí;9;Sí;7;Sí;10;Sí;Sí;Sí;Sí;9;6;8;6;Publicaciones siglos XVII-XVIII;Sí;9;7;8;8;9;8;8;9;9;8;;De 45 a 64 años;Mejor de lo que esperaba;NS/NC
3cc101103f7c0510VgnVCM2000000c205a0aRCRD;Encuesta de satisfacción 2022: Bibliotecas especializadas del Ayuntamiento de Madrid. Hemeroteca Municipal;2022-12-16 00:00:00.0;205651;2022-10-24 11:18:1. 0;;;;;Iniciar la encuesta;Investigación y estudio;;Ocasionalmente;Sí;10;No;;No;;Sí;Sí;Sí;No;10;10;8;NS/NC;Publicaciones periódicas siglo XX;Sí;8;8;7;10;10;10;10;10;10;9;;De 18 a 29 años;Mejor de lo que esperaba;NS/NC
3cc101103f7c0510VgnVCM2000000c205a0aRCRD;Encuesta de satisfacción 2022: Bibliotecas especializadas del Ayuntamiento de Madrid. Hemeroteca Municipal;2022-12-16 00:00:00.0;205652;2022-10-24 11:20:59. 0;;;;;Iniciar la encuesta;Investigación y estudio;;Varios días al mes;Sí;10;Sí;10;No;;Sí;No;Sí;No;10;No sabe, no contesta;10;No sabe, no contesta;"Publicaciones periódicas siglo XIX;Publicaciones periódicas siglo XX";Sí;10;10;10;10;10;10;10;10;10;10;Mayor rapidez en la carga de documentos por la página;De 45 a 64 años;Mejor de lo que esperaba;NS/NC
3cc101103f7c0510VgnVCM2000000c205a0aRCRD;Encuesta de satisfacción 2022: Bibliotecas especializadas del Ayuntamiento de Madrid. Hemeroteca Municipal;2022-12-16 00:00:00.0;205653;2022-10-24 11:21:55. 0;;;;;Iniciar la encuesta;Interés profesional;;Varios días a la semana;Sí;10;No;;Sí;9;Sí;Sí;No;Sí;5;5;0;5;Publicaciones periódicas siglo XIX;Sí;10;8;8;9;8;10;10;10;5;10;;De 45 a 64 años;Mejor de lo que esperaba;NS/NC
3cc101103f7c0510VgnVCM2000000c205a0aRCRD;Encuesta de satisfacción 2022: Bibliotecas especializadas del Ayuntamiento de Madrid. Hemeroteca Municipal;2022-12-16 00:00:00.0;205656;2022-10-24 11:22:19. 0;;;;;Iniciar la encuesta;Investigación y estudio;;Varios días al mes;Sí;10;No;;No;;Sí;No;Sí;No;10;No sabe, no contesta;10;No sabe, no contesta;Publicaciones periódicas siglo XX;No;;;;;10;10;10;10;10;10;No tengo nada que objetar al servicio prestado hasta ahora;Más de 65 años;Igual de lo que esperaba;NS/NC
3cc101103f7c0510VgnVCM2000000c205a0aRCRD;Encuesta de satisfacción 2022: Bibliotecas especializadas del Ayuntamiento de Madrid. Hemeroteca Municipal;2022-12-16 00:00:00.0;205657;2022-10-24 11:22:44. 0;;;;;Iniciar la encuesta;Interés profesional;;Varias veces al año;Sí;10;No;;No;;Sí;Sí;No;No;10;10;NS/NC;NS/NC;Publicaciones periódicas siglo XX;Sí;No sabe, no contesta;8;No sabe, no contesta;No sabe, no contesta;10;10;10;10;10;10;;De 30 a 44 años;Mejor de lo que esperaba;NS/NC
3cc101103f7c0510VgnVCM2000000c205a0aRCRD;Encuesta de satisfacción 2022: Bibliotecas especializadas del Ayuntamiento de Madrid. Hemeroteca Municipal;2022-12-16 00:00:00.0;205661;2022-10-24 11:25:43. 0;;;;;Iniciar la encuesta;Interés profesional;;Varias veces al año;Sí;10;No;;Sí;10;Sí;No;Sí;No;10;No sabe, no contesta;10;No sabe, no contesta;Publicaciones periódicas siglo XX;Sí;No sabe, no contesta;10;10;10;10;10;10;10;10;10;;De 30 a 44 años;Mejor de lo que esperaba;NS/NC
3cc101103f7c0510VgnVCM2000000c205a0aRCRD;Encuesta de satisfacción 2022: Bibliotecas especializadas del Ayuntamiento de Madrid. Hemeroteca Municipal;2022-12-16 00:00:00.0;205662;2022-10-24 11:25:53. 0;;;;;Iniciar la encuesta;Interés personal;;Varias veces al año;Sí;10;No;;No;;No;No;Sí;No;NS/NC;NS/NC;5;NS/NC;Publicaciones periódicas siglo XX;Sí;7;7;7;7;10;No sabe / No contesta;7;10;10;9;Mejorar la calidad de la consulta digitalizada.;Más de 65 años;Mejor de lo que esperaba;NS/NC
3cc101103f7c0510VgnVCM2000000c205a0aRCRD;Encuesta de satisfacción 2022: Bibliotecas especializadas del Ayuntamiento de Madrid. Hemeroteca Municipal;2022-12-16 00:00:00.0;205664;2022-10-24 11:31:47. 0;;;;;Iniciar la encuesta;Investigación y estudio;;Una vez al año;Sí;3;Sí;0;No;;No;No;No;No;NS/NC;NS/NC;NS/NC;NS/NC;Publicaciones periódicas siglo XX;Sí;4;4;4;4;8;7;4;6;3;3;Actualización de los procesos y que los servicios disponibles funcionen. Rapidez en la solicitudes.;De 45 a 64 años;Peor de lo que esperaba;NS/NC
3cc101103f7c0510VgnVCM2000000c205a0aRCRD;Encuesta de satisfacción 2022: Bibliotecas especializadas del Ayuntamiento de Madrid. Hemeroteca Municipal;2022-12-16 00:00:00.0;205667;2022-10-24 11:32:37. 0;;;;;Iniciar la encuesta;Investigación y estudio;;Ocasionalmente;Sí;10;Sí;10;No;;Sí;No;No;No;10;NS/NC;NS/NC;NS/NC;Publicaciones periódicas siglo XX;Sí;10;10;10;10;8;10;10;10;10;10;Ampliar la zona de consulta de revistas. Habitualmente había poca gente, pero solo dos mesas quizá se hacen escasas cuando hay varias personas consultando documentos.;De 45 a 64 años;Mejor de lo que esperaba;NS/NC
3cc101103f7c0510VgnVCM2000000c205a0aRCRD;Encuesta de satisfacción 2022: Bibliotecas especializadas del Ayuntamiento de Madrid. Hemeroteca Municipal;2022-12-16 00:00:00.0;205669;2022-10-24 11:38:0. 0;;;;;Iniciar la encuesta;Investigación y estudio;;Varias veces al año;No;;No;;No;;No;No;Sí;No;NS/NC;NS/NC;7;NS/NC;"Publicaciones periódicas siglo XIX;Publicaciones periódicas siglo XX";Sí;No sabe, no contesta;5;5;7;No sabe / No contesta;No sabe / No contesta;No sabe / No contesta;No sabe / No contesta;No sabe / No contesta;7;Soy de Barcelona y sólo utilizo la hemeroteca digital. Tienen muchas y buenas publicaciones, pero la búsqueda es un poco difícil muchas veces. Un buscador tipo BNE o PrensaHistórica sería mucho mejor;Más de 65 años;Igual de lo que esperaba;NS/NC
3cc101103f7c0510VgnVCM2000000c205a0aRCRD;Encuesta de satisfacción 2022: Bibliotecas especializadas del Ayuntamiento de Madrid. Hemeroteca Municipal;2022-12-16 00:00:00.0;205674;2022-10-24 11:50:27. 0;;;;;Iniciar la encuesta;Investigación y estudio;;Ocasionalmente;Sí;10;No;;No;;No;No;Sí;No;NS/NC;NS/NC;10;NS/NC;"Publicaciones periódicas siglo XIX;Publicaciones periódicas siglo XX";Sí;9;9;9;9;8;10;10;10;10;9;Hay mala climatización en la sala de consulta, pasé muchísimo calor y los enchufes para poder conectar el ordenador o el móvil están muy poco accesibles. Por el contrario el personal el muy atento y agradable, felicidades;De 45 a 64 años;Mejor de lo que esperaba;NS/NC
3cc101103f7c0510VgnVCM2000000c205a0aRCRD;Encuesta de satisfacción 2022: Bibliotecas especializadas del Ayuntamiento de Madrid. Hemeroteca Municipal;2022-12-16 00:00:00.0;205675;2022-10-24 11:51:4. 0;;;;;Iniciar la encuesta;Investigación y estudio;;Ocasionalmente;Sí;10;Sí;10;No;;No;No;No;No;NS/NC;NS/NC;NS/NC;NS/NC;Publicaciones periódicas siglo XX;Sí;8;7;7;9;9;9;10;10;10;10;Digitalización de publicaciones periódicas, y acceso online a los documentos.;De 45 a 64 años;Igual de lo que esperaba;NS/NC
3cc101103f7c0510VgnVCM2000000c205a0aRCRD;Encuesta de satisfacción 2022: Bibliotecas especializadas del Ayuntamiento de Madrid. Hemeroteca Municipal;2022-12-16 00:00:00.0;205676;2022-10-24 11:51:56. 0;;;;;Iniciar la encuesta;Investigación y estudio;;Ocasionalmente;Sí;7;No;;No;;Sí;No;Sí;No;7;NS/NC;7;NS/NC;"Publicaciones periódicas siglo XIX;Publicaciones periódicas siglo XX";No;;;;;7;7;7;7;7;7;;Más de 65 años;Mejor de lo que esperaba;NS/NC
3cc101103f7c0510VgnVCM2000000c205a0aRCRD;Encuesta de satisfacción 2022: Bibliotecas especializadas del Ayuntamiento de Madrid. Hemeroteca Municipal;2022-12-16 00:00:00.0;205678;2022-10-24 11:54:54. 0;;;;;Iniciar la encuesta;Interés profesional;;Varias veces al año;Sí;10;No;;No;;Sí;No;Sí;No;10;No sabe, no contesta;10;No sabe, no contesta;Publicaciones periódicas siglo XX;Sí;10;10;10;6;10;4;10;10;10;10;;De 18 a 29 años;Mejor de lo que esperaba;NS/NC
3cc101103f7c0510VgnVCM2000000c205a0aRCRD;Encuesta de satisfacción 2022: Bibliotecas especializadas del Ayuntamiento de Madrid. Hemeroteca Municipal;2022-12-16 00:00:00.0;205680;2022-10-24 11:58:39. 0;;;;;Iniciar la encuesta;Investigación y estudio;;Varias veces al año;Sí;10;Sí;9;No;;Sí;Sí;Sí;No;9;9;9;NS/NC;Publicaciones periódicas siglo XX;Sí;6;6;5;5;9;9;10;10;10;9;;De 45 a 64 años;Mejor de lo que esperaba;NS/NC
3cc101103f7c0510VgnVCM2000000c205a0aRCRD;Encuesta de satisfacción 2022: Bibliotecas especializadas del Ayuntamiento de Madrid. Hemeroteca Municipal;2022-12-16 00:00:00.0;205681;2022-10-24 11:59:51. 0;;;;;Iniciar la encuesta;Interés profesional;;Ocasionalmente;Sí;10;Sí;10;Sí;10;No;No;No;No;No sabe, no contesta;No sabe, no contesta;No sabe, no contesta;No sabe, no contesta;Publicaciones periódicas siglo XX;Sí;No sabe, no contesta;8;8;No sabe, no contesta;10;10;10;10;10;10;;De 45 a 64 años;Mejor de lo que esperaba;NS/NC
3cc101103f7c0510VgnVCM2000000c205a0aRCRD;Encuesta de satisfacción 2022: Bibliotecas especializadas del Ayuntamiento de Madrid. Hemeroteca Municipal;2022-12-16 00:00:00.0;205685;2022-10-24 12:3:58. 0;;;;;Iniciar la encuesta;Investigación y estudio;;Ocasionalmente;Sí;10;No;;No;;Sí;Sí;Sí;No;10;10;10;No sabe, no contesta;"Publicaciones periódicas siglo XIX;Publicaciones periódicas siglo XX";Sí;8;5;8;6;10;10;10;8;8;10;;De 45 a 64 años;Igual de lo que esperaba;NS/NC
3cc101103f7c0510VgnVCM2000000c205a0aRCRD;Encuesta de satisfacción 2022: Bibliotecas especializadas del Ayuntamiento de Madrid. Hemeroteca Municipal;2022-12-16 00:00:00.0;205686;2022-10-24 12:5:25. 0;;;;;Iniciar la encuesta;Interés profesional;;Varias veces al año;Sí;10;No;;No;;Sí;Sí;Sí;No;10;8;6;No sabe, no contesta;Publicaciones periódicas siglo XX;Sí;6;9;7;6;10;10;10;10;10;10;Mayor nivel de digitalización de documentos. Los fondos de la Hemerotecas Municipal son maravillosos, y probablemente tendrían un uso mayor por los usuarios con ese proceso de digitalización.;De 45 a 64 años;Igual de lo que esperaba;NS/NC
3cc101103f7c0510VgnVCM2000000c205a0aRCRD;Encuesta de satisfacción 2022: Bibliotecas especializadas del Ayuntamiento de Madrid. Hemeroteca Municipal;2022-12-16 00:00:00.0;205691;2022-10-24 12:19:35. 0;;;;;Iniciar la encuesta;Investigación y estudio;;Ocasionalmente;Sí;10;No;;No;;No;No;No;No;NS/NC;NS/NC;NS/NC;NS/NC;Publicaciones periódicas siglo XX;No;;;;;9;9;10;10;10;10;;De 45 a 64 años;Mejor de lo que esperaba;NS/NC
3cc101103f7c0510VgnVCM2000000c205a0aRCRD;Encuesta de satisfacción 2022: Bibliotecas especializadas del Ayuntamiento de Madrid. Hemeroteca Municipal;2022-12-16 00:00:00.0;205694;2022-10-24 12:25:20. 0;;;;;Iniciar la encuesta;Investigación y estudio;;Ocasionalmente;Sí;10;No;;No;;No;No;No;No;NS/NC;NS/NC;NS/NC;NS/NC;Publicaciones periódicas siglo XX;No;;;;;10;10;10;10;10;10;;Más de 65 años;Igual de lo que esperaba;NS/NC
3cc101103f7c0510VgnVCM2000000c205a0aRCRD;Encuesta de satisfacción 2022: Bibliotecas especializadas del Ayuntamiento de Madrid. Hemeroteca Municipal;2022-12-16 00:00:00.0;205698;2022-10-24 12:32:7. 0;;;;;Iniciar la encuesta;Investigación y estudio;;Una vez al año;Sí;10;No;;No;;Sí;Sí;Sí;No;10;10;10;NS/NC;"Publicaciones periódicas siglo XIX;Publicaciones periódicas siglo XX";No;;;;;10;10;10;10;10;10;;De 18 a 29 años;Igual de lo que esperaba;NS/NC
3cc101103f7c0510VgnVCM2000000c205a0aRCRD;Encuesta de satisfacción 2022: Bibliotecas especializadas del Ayuntamiento de Madrid. Hemeroteca Municipal;2022-12-16 00:00:00.0;205700;2022-10-24 12:34:56. 0;;;;;Iniciar la encuesta;Interés personal;;Varias veces al año;Sí;10;Sí;9;No;;Sí;No;Sí;Sí;NS/NC;NS/NC;NS/NC;NS/NC;"Publicaciones siglos XVII-XVIII;Publicaciones periódicas siglo XIX";Sí;8;9;8;9;9;9;9;10;10;9;;Más de 65 años;Igual de lo que esperaba;NS/NC
3cc101103f7c0510VgnVCM2000000c205a0aRCRD;Encuesta de satisfacción 2022: Bibliotecas especializadas del Ayuntamiento de Madrid. Hemeroteca Municipal;2022-12-16 00:00:00.0;205706;2022-10-24 12:50:14. 0;;;;;Iniciar la encuesta;Interés profesional;;Ocasionalmente;Sí;10;Sí;9;No;;Sí;Sí;Sí;Sí;10;9;10;10;Publicaciones periódicas siglo XX;No;;;;;10;9;9;7;9;9;Si pudiera entrar por web,,,;De 45 a 64 años;Mejor de lo que esperaba;NS/NC
3cc101103f7c0510VgnVCM2000000c205a0aRCRD;Encuesta de satisfacción 2022: Bibliotecas especializadas del Ayuntamiento de Madrid. Hemeroteca Municipal;2022-12-16 00:00:00.0;205711;2022-10-24 13:10:38. 0;;;;;Iniciar la encuesta;Investigación y estudio;;Varias veces al año;Sí;9;No;;No;;Sí;No;No;No;NS/NC;NS/NC;NS/NC;NS/NC;Publicaciones periódicas siglo XX;No;;;;;8;9;9;10;10;9;;De 45 a 64 años;Igual de lo que esperaba;NS/NC
3cc101103f7c0510VgnVCM2000000c205a0aRCRD;Encuesta de satisfacción 2022: Bibliotecas especializadas del Ayuntamiento de Madrid. Hemeroteca Municipal;2022-12-16 00:00:00.0;205721;2022-10-24 13:39:45. 0;;;;;Iniciar la encuesta;Investigación y estudio;;Varias veces al año;Sí;9;Sí;6;Sí;9;Sí;Sí;Sí;No;9;9;9;NS/NC;"Publicaciones siglos XVII-XVIII;Publicaciones periódicas siglo XIX";Sí;0;8;8;0;7;7;9;9;7;9;Mejorar las máquinas de visionado de documentos, resultan algo obsoletas.;Más de 65 años;Mejor de lo que esperaba;NS/NC
3cc101103f7c0510VgnVCM2000000c205a0aRCRD;Encuesta de satisfacción 2022: Bibliotecas especializadas del Ayuntamiento de Madrid. Hemeroteca Municipal;2022-12-16 00:00:00.0;205726;2022-10-24 13:55:31. 0;;;;;Iniciar la encuesta;Investigación y estudio;;Ocasionalmente;Sí;10;No;;No;;Sí;Sí;Sí;No;10;10;10;NS/NC;Publicaciones periódicas siglo XX;Sí;10;7;10;10;10;10;10;10;10;10;;De 30 a 44 años;Mejor de lo que esperaba;NS/NC
3cc101103f7c0510VgnVCM2000000c205a0aRCRD;Encuesta de satisfacción 2022: Bibliotecas especializadas del Ayuntamiento de Madrid. Hemeroteca Municipal;2022-12-16 00:00:00.0;205728;2022-10-24 14:2:7. 0;;;;;Iniciar la encuesta;Investigación y estudio;;Ocasionalmente;Sí;10;No;;No;;Sí;Sí;Sí;No;9;7;10;NS/NC;Publicaciones periódicas siglo XX;Sí;8;9;9;9;10;10;9;10;10;10;;De 45 a 64 años;Mejor de lo que esperaba;NS/NC
3cc101103f7c0510VgnVCM2000000c205a0aRCRD;Encuesta de satisfacción 2022: Bibliotecas especializadas del Ayuntamiento de Madrid. Hemeroteca Municipal;2022-12-16 00:00:00.0;205738;2022-10-24 15:4:29. 0;;;;;Iniciar la encuesta;Investigación y estudio;;Varias veces al año;Sí;9;Sí;9;Sí;9;Sí;Sí;Sí;Sí;9;9;9;9;Publicaciones siglos XVII-XVIII;Sí;9;9;9;9;10;10;8;9;9;10;;De 18 a 29 años;Mejor de lo que esperaba;NS/NC
3cc101103f7c0510VgnVCM2000000c205a0aRCRD;Encuesta de satisfacción 2022: Bibliotecas especializadas del Ayuntamiento de Madrid. Hemeroteca Municipal;2022-12-16 00:00:00.0;205745;2022-10-24 15:32:16. 0;;;;;Iniciar la encuesta;Investigación y estudio;;Ocasionalmente;Sí;10;Sí;10;No;;Sí;Sí;No;Sí;10;10;No sabe, no contesta;10;Publicaciones periódicas siglo XX;Sí;10;10;10;7;8;8;9;9;9;10;Aumentar los fondos consultables restaurando o digitalizan do algunos que ahora no lo están;De 45 a 64 años;Igual de lo que esperaba;NS/NC
3cc101103f7c0510VgnVCM2000000c205a0aRCRD;Encuesta de satisfacción 2022: Bibliotecas especializadas del Ayuntamiento de Madrid. Hemeroteca Municipal;2022-12-16 00:00:00.0;205749;2022-10-24 16:1:44. 0;;;;;Iniciar la encuesta;Interés personal;;Varias veces al año;Sí;9;Sí;8;No;;No;No;Sí;Sí;NS/NC;NS/NC;7;8;Publicaciones periódicas siglo XX;Sí;7;8;8;6;8;6;7;8;9;8;;Más de 65 años;Mejor de lo que esperaba;NS/NC
3cc101103f7c0510VgnVCM2000000c205a0aRCRD;Encuesta de satisfacción 2022: Bibliotecas especializadas del Ayuntamiento de Madrid. Hemeroteca Municipal;2022-12-16 00:00:00.0;205751;2022-10-24 16:21:23. 0;;;;;Iniciar la encuesta;Investigación y estudio;;Ocasionalmente;Sí;10;No;;No;;Sí;No;Sí;No;10;NS/NC;10;No sabe, no contesta;Publicaciones periódicas siglo XX;Sí;8;8;8;8;10;9;10;10;10;9;;De 30 a 44 años;Mejor de lo que esperaba;NS/NC
3cc101103f7c0510VgnVCM2000000c205a0aRCRD;Encuesta de satisfacción 2022: Bibliotecas especializadas del Ayuntamiento de Madrid. Hemeroteca Municipal;2022-12-16 00:00:00.0;205753;2022-10-24 16:44:33. 0;;;;;Iniciar la encuesta;Interés profesional;;Ocasionalmente;Sí;9;No;;No;;Sí;Sí;Sí;No;10;5;9;No sabe, no contesta;"Publicaciones periódicas siglo XIX;Publicaciones periódicas siglo XX";Sí;5;5;5;5;9;9;10;10;10;9;;De 30 a 44 años;Mejor de lo que esperaba;NS/NC
3cc101103f7c0510VgnVCM2000000c205a0aRCRD;Encuesta de satisfacción 2022: Bibliotecas especializadas del Ayuntamiento de Madrid. Hemeroteca Municipal;2022-12-16 00:00:00.0;205759;2022-10-24 17:17:49. 0;;;;;Iniciar la encuesta;Investigación y estudio;;Varias veces al año;Sí;10;No;;No;;Sí;No;No;No;10;NS/NC;NS/NC;NS/NC;Publicaciones periódicas siglo XX;Sí;8;8;8;7;9;8;9;10;10;9;Posibilidad de que las publicaciones microfilmadas también se puedan consultar físicamente. Posibilidad de ampliar horarios de consulta a fines de semana.;De 45 a 64 años;Mejor de lo que esperaba;NS/NC
3cc101103f7c0510VgnVCM2000000c205a0aRCRD;Encuesta de satisfacción 2022: Bibliotecas especializadas del Ayuntamiento de Madrid. Hemeroteca Municipal;2022-12-16 00:00:00.0;205775;2022-10-24 21:8:2. 0;;;;;Iniciar la encuesta;Investigación y estudio;;Ocasionalmente;Sí;8;Sí;8;No;;Sí;No;Sí;No;9;No sabe, no contesta;9;No sabe, no contesta;Publicaciones periódicas siglo XIX;No;;;;;8;8;9;8;9;9;;De 45 a 64 años;Igual de lo que esperaba;NS/NC
3cc101103f7c0510VgnVCM2000000c205a0aRCRD;Encuesta de satisfacción 2022: Bibliotecas especializadas del Ayuntamiento de Madrid. Hemeroteca Municipal;2022-12-16 00:00:00.0;205776;2022-10-24 21:10:30. 0;;;;;Iniciar la encuesta;Interés personal;;Varias veces al año;Sí;10;Sí;10;No;;Sí;Sí;Sí;Sí;10;6;10;10;"Publicaciones periódicas siglo XX;Prensa diaria actual";Sí;10;10;10;10;10;10;10;10;10;10;Los equipos de microfilm son muy antiguos.;De 45 a 64 años;Mejor de lo que esperaba;NS/NC
3cc101103f7c0510VgnVCM2000000c205a0aRCRD;Encuesta de satisfacción 2022: Bibliotecas especializadas del Ayuntamiento de Madrid. Hemeroteca Municipal;2022-12-16 00:00:00.0;205780;2022-10-24 22:5:7. 0;;;;;Iniciar la encuesta;Interés personal;;Varios días al mes;Sí;9;Sí;9;Sí;10;Sí;No;Sí;Sí;9;No sabe, no contesta;9;9;Publicaciones periódicas siglo XX;No;;;;;10;10;9;10;10;10;Tal vez, mejorar la rapidez con que te entregan lo solicitado por encargo.;De 45 a 64 años;Igual de lo que esperaba;NS/NC
3cc101103f7c0510VgnVCM2000000c205a0aRCRD;Encuesta de satisfacción 2022: Bibliotecas especializadas del Ayuntamiento de Madrid. Hemeroteca Municipal;2022-12-16 00:00:00.0;205781;2022-10-24 22:40:43. 0;;;;;Iniciar la encuesta;Investigación y estudio;;Ocasionalmente;Sí;9;No;;No;;No;No;No;No;NS/NC;NS/NC;NS/NC;NS/NC;Publicaciones periódicas siglo XX;No;;;;;10;9;9;10;10;9;Ha mejorado una barbaridad con respecto a hace una década. Ésta última vez me han atendido de maravilla. Las dos personas que estaban en el mostrador han sido muy amables conmigo y el proceso de hacer el carnet para poder hacer la consulta, ideal.;Más de 65 años;Mejor de lo que esperaba;NS/NC
3cc101103f7c0510VgnVCM2000000c205a0aRCRD;Encuesta de satisfacción 2022: Bibliotecas especializadas del Ayuntamiento de Madrid. Hemeroteca Municipal;2022-12-16 00:00:00.0;205784;2022-10-24 23:0:23. 0;;;;;Iniciar la encuesta;Investigación y estudio;;Varias veces al año;Sí;10;No;;No;;Sí;No;Sí;No;10;NS/NC;10;NS/NC;"Publicaciones periódicas siglo XIX;Publicaciones periódicas siglo XX";Sí;9;9;9;9;9;9;9;10;10;10;No sé.;De 45 a 64 años;Igual de lo que esperaba;NS/NC
3cc101103f7c0510VgnVCM2000000c205a0aRCRD;Encuesta de satisfacción 2022: Bibliotecas especializadas del Ayuntamiento de Madrid. Hemeroteca Municipal;2022-12-16 00:00:00.0;205788;2022-10-25 0:16:20. 0;;;;;Iniciar la encuesta;Investigación y estudio;;Ocasionalmente;Sí;9;No;;No;;Sí;No;Sí;Sí;9;NS/NC;9;9;"Publicaciones periódicas siglo XIX;Publicaciones periódicas siglo XX";No;;;;;10;10;10;10;10;9;;De 30 a 44 años;Mejor de lo que esperaba;NS/NC
3cc101103f7c0510VgnVCM2000000c205a0aRCRD;Encuesta de satisfacción 2022: Bibliotecas especializadas del Ayuntamiento de Madrid. Hemeroteca Municipal;2022-12-16 00:00:00.0;205789;2022-10-25 0:18:41. 0;;;;;No;;;;;;;;;;;;;;;;;;;;;;;;;;;;;;;;;NS/NC
3cc101103f7c0510VgnVCM2000000c205a0aRCRD;Encuesta de satisfacción 2022: Bibliotecas especializadas del Ayuntamiento de Madrid. Hemeroteca Municipal;2022-12-16 00:00:00.0;205790;2022-10-25 0:19:13. 0;;;;;Iniciar la encuesta;Investigación y estudio;;Ocasionalmente;Sí;9;No;;No;;No;Sí;No;No;NS/NC;8;NS/NC;NS/NC;Publicaciones periódicas siglo XX;No;;;;;8;8;No sabe / No contesta;8;8;9;;Más de 65 años;Mejor de lo que esperaba;NS/NC
3cc101103f7c0510VgnVCM2000000c205a0aRCRD;Encuesta de satisfacción 2022: Bibliotecas especializadas del Ayuntamiento de Madrid. Hemeroteca Municipal;2022-12-16 00:00:00.0;205801;2022-10-25 10:21:51. 0;;;;;Iniciar la encuesta;Investigación y estudio;;Varias veces al año;Sí;10;Sí;10;No;;Sí;No;Sí;Sí;10;NS/NC;10;10;"Publicaciones siglos XVII-XVIII;Publicaciones periódicas siglo XIX;Publicaciones periódicas siglo XX;Prensa diaria actual";Sí;10;10;10;10;10;10;10;10;10;10;;De 45 a 64 años;Mejor de lo que esperaba;NS/NC
3cc101103f7c0510VgnVCM2000000c205a0aRCRD;Encuesta de satisfacción 2022: Bibliotecas especializadas del Ayuntamiento de Madrid. Hemeroteca Municipal;2022-12-16 00:00:00.0;205802;2022-10-25 10:33:6. 0;;;;;Iniciar la encuesta;Interés personal;;Ocasionalmente;Sí;10;Sí;10;No;;No;No;No;No;NS/NC;NS/NC;NS/NC;NS/NC;Publicaciones periódicas siglo XX;No;;;;;10;9;9;10;10;10;NO SE ME OCURRE NINGUNA;Más de 65 años;Mejor de lo que esperaba;NS/NC
3cc101103f7c0510VgnVCM2000000c205a0aRCRD;Encuesta de satisfacción 2022: Bibliotecas especializadas del Ayuntamiento de Madrid. Hemeroteca Municipal;2022-12-16 00:00:00.0;205803;2022-10-25 10:35:22. 0;;;;;Iniciar la encuesta;Interés personal;;Ocasionalmente;Sí;10;Sí;8;No;;No;No;Sí;No;NS/NC;NS/NC;10;NS/NC;Publicaciones periódicas siglo XX;Sí;8;9;7;9;9;9;9;10;10;9;Todo lo que experimenté estaba muy bien.;De 45 a 64 años;Mejor de lo que esperaba;NS/NC
3cc101103f7c0510VgnVCM2000000c205a0aRCRD;Encuesta de satisfacción 2022: Bibliotecas especializadas del Ayuntamiento de Madrid. Hemeroteca Municipal;2022-12-16 00:00:00.0;205805;2022-10-25 10:41:37. 0;;;;;Iniciar la encuesta;Investigación y estudio;;Ocasionalmente;Sí;10;No;;No;;Sí;No;No;No;10;NS/NC;NS/NC;NS/NC;Publicaciones periódicas siglo XX;No;;;;;10;10;10;10;9;10;Para mí está todo estupendo. Y los trabajadores son extraordinariamente eficientes y amables. Que sigan así;De 45 a 64 años;Mejor de lo que esperaba;NS/NC
3cc101103f7c0510VgnVCM2000000c205a0aRCRD;Encuesta de satisfacción 2022: Bibliotecas especializadas del Ayuntamiento de Madrid. Hemeroteca Municipal;2022-12-16 00:00:00.0;205808;2022-10-25 11:5:5. 0;;;;;Iniciar la encuesta;Investigación y estudio;;Varias veces al año;Sí;6;No;;No;;Sí;No;Sí;Sí;6;NS/NC;7;7;"Publicaciones periódicas siglo XIX;Publicaciones periódicas siglo XX;Prensa diaria actual";Sí;7;5;6;6;7;6;7;8;8;7;Contar con mas materiales de consulta;De 45 a 64 años;Mejor de lo que esperaba;NS/NC
3cc101103f7c0510VgnVCM2000000c205a0aRCRD;Encuesta de satisfacción 2022: Bibliotecas especializadas del Ayuntamiento de Madrid. Hemeroteca Municipal;2022-12-16 00:00:00.0;205825;2022-10-25 20:39:30. 0;;;;;Iniciar la encuesta;Interés personal;;Varias veces al año;Sí;8;No;;No;;Sí;No;Sí;No;8;NS/NC;7;NS/NC;Publicaciones periódicas siglo XX;No;;;;;6;7;7;9;7;9;Lo veo todo bien;Más de 65 años;Mejor de lo que esperaba;NS/NC
3cc101103f7c0510VgnVCM2000000c205a0aRCRD;Encuesta de satisfacción 2022: Bibliotecas especializadas del Ayuntamiento de Madrid. Hemeroteca Municipal;2022-12-16 00:00:00.0;205828;2022-10-26 5:23:56. 0;;;;;Iniciar la encuesta;Interés profesional;;Ocasionalmente;Sí;10;Sí;10;No;;Sí;Sí;Sí;No;10;10;10;NS/NC;Publicaciones periódicas siglo XX;Sí;9;9;9;9;9;9;9;10;9;9;;De 45 a 64 años;Mejor de lo que esperaba;NS/NC
3cc101103f7c0510VgnVCM2000000c205a0aRCRD;Encuesta de satisfacción 2022: Bibliotecas especializadas del Ayuntamiento de Madrid. Hemeroteca Municipal;2022-12-16 00:00:00.0;205833;2022-10-26 9:7:33. 0;;;;;Iniciar la encuesta;Investigación y estudio;;Ocasionalmente;Sí;8;Sí;7;No;;Sí;No;No;No;9;NS/NC;NS/NC;NS/NC;"Publicaciones periódicas siglo XIX;Publicaciones periódicas siglo XX";No;;;;;10;9;9;9;7;8;No comentarios;Más de 65 años;Mejor de lo que esperaba;NS/NC
3cc101103f7c0510VgnVCM2000000c205a0aRCRD;Encuesta de satisfacción 2022: Bibliotecas especializadas del Ayuntamiento de Madrid. Hemeroteca Municipal;2022-12-16 00:00:00.0;205845;2022-10-26 13:34:44. 0;;;;;Iniciar la encuesta;Interés personal;;Varias veces al año;Sí;10;No;;No;;Sí;No;Sí;No;10;NS/NC;10;NS/NC;Publicaciones periódicas siglo XX;Sí;5;5;10;10;10;10;10;10;10;10;;De 45 a 64 años;Igual de lo que esperaba;NS/NC
3cc101103f7c0510VgnVCM2000000c205a0aRCRD;Encuesta de satisfacción 2022: Bibliotecas especializadas del Ayuntamiento de Madrid. Hemeroteca Municipal;2022-12-16 00:00:00.0;205858;2022-10-26 18:22:42. 0;;;;;Iniciar la encuesta;Investigación y estudio;;Ocasionalmente;Sí;10;Sí;10;No;;Sí;No;Sí;No;10;NS/NC;9;NS/NC;Publicaciones periódicas siglo XX;No;;;;;10;10;10;10;10;10;;De 30 a 44 años;Mejor de lo que esperaba;NS/NC
3cc101103f7c0510VgnVCM2000000c205a0aRCRD;Encuesta de satisfacción 2022: Bibliotecas especializadas del Ayuntamiento de Madrid. Hemeroteca Municipal;2022-12-16 00:00:00.0;205864;2022-10-27 10:37:17. 0;;;;;Iniciar la encuesta;Otros;consultas de prensa;Ocasionalmente;Sí;10;Sí;10;No;;Sí;No;No;No;10;NS/NC;NS/NC;NS/NC;Publicaciones periódicas siglo XX;No;;;;;7;7;10;10;10;10;Abrir un poco mas temprano, para aprovechar mas el dia;Más de 65 años;Mejor de lo que esperaba;NS/NC
3cc101103f7c0510VgnVCM2000000c205a0aRCRD;Encuesta de satisfacción 2022: Bibliotecas especializadas del Ayuntamiento de Madrid. Hemeroteca Municipal;2022-12-16 00:00:00.0;205915;2022-10-28 0:32:27. 0;;;;;Iniciar la encuesta;Interés personal;;Varias veces al año;Sí;7;Sí;7;No;;Sí;No;No;No;8;NS/NC;NS/NC;NS/NC;Publicaciones periódicas siglo XIX;No;;;;;7;8;7;8;9;8;RAPIDEZ DE BUSQUEDA;Más de 65 años;Igual de lo que esperaba;NS/NC
3cc101103f7c0510VgnVCM2000000c205a0aRCRD;Encuesta de satisfacción 2022: Bibliotecas especializadas del Ayuntamiento de Madrid. Hemeroteca Municipal;2022-12-16 00:00:00.0;205919;2022-10-28 9:51:45. 0;;;;;Iniciar la encuesta;Interés profesional;;Ocasionalmente;Sí;9;Sí;10;Sí;7;Sí;No;Sí;Sí;10;NS/NC;9;7;Publicaciones periódicas siglo XX;Sí;8;6;7;9;9;9;10;10;10;9;;De 45 a 64 años;Mejor de lo que esperaba;NS/NC
3cc101103f7c0510VgnVCM2000000c205a0aRCRD;Encuesta de satisfacción 2022: Bibliotecas especializadas del Ayuntamiento de Madrid. Hemeroteca Municipal;2022-12-16 00:00:00.0;205920;2022-10-28 11:49:22. 0;;;;;Iniciar la encuesta;Interés profesional;;Ocasionalmente;Sí;8;No;;No;;No;No;No;No;NS/NC;NS/NC;NS/NC;NS/NC;"Publicaciones periódicas siglo XX;Prensa diaria actual";No;;;;;8;8;8;8;8;8;;Más de 65 años;Mejor de lo que esperaba;NS/NC
3cc101103f7c0510VgnVCM2000000c205a0aRCRD;Encuesta de satisfacción 2022: Bibliotecas especializadas del Ayuntamiento de Madrid. Hemeroteca Municipal;2022-12-16 00:00:00.0;205942;2022-10-31 10:46:15. 0;;;;;Iniciar la encuesta;Investigación y estudio;;Ocasionalmente;Sí;10;Sí;7;No;;Sí;No;Sí;No;9;NS/NC;7;NS/NC;Publicaciones periódicas siglo XIX;Sí;7;6;7;3;7;7;9;10;7;8;;De 45 a 64 años;Igual de lo que esperaba;NS/NC
3cc101103f7c0510VgnVCM2000000c205a0aRCRD;Encuesta de satisfacción 2022: Bibliotecas especializadas del Ayuntamiento de Madrid. Hemeroteca Municipal;2022-12-16 00:00:00.0;205952;2022-10-31 17:20:52. 0;;;;;Iniciar la encuesta;Investigación y estudio;;Varias veces al año;Sí;10;No;;Sí;8;No;Sí;Sí;No;NS/NC;10;9;NS/NC;Publicaciones periódicas siglo XX;Sí;No sabe, no contesta;8;7;No sabe, no contesta;10;10;9;9;10;10;;De 18 a 29 años;Igual de lo que esperaba;NS/NC
3cc101103f7c0510VgnVCM2000000c205a0aRCRD;Encuesta de satisfacción 2022: Bibliotecas especializadas del Ayuntamiento de Madrid. Hemeroteca Municipal;2022-12-16 00:00:00.0;206095;2022-11-5 17:53:32. 0;;;;;Iniciar la encuesta;Investigación y estudio;;Ocasionalmente;Sí;7;No;;No;;Sí;No;Sí;Sí;7;NS/NC;7;7;Publicaciones periódicas siglo XX;No;;;;;7;7;7;7;7;7;;Más de 65 años;Mejor de lo que esperaba;NS/NC
3cc101103f7c0510VgnVCM2000000c205a0aRCRD;Encuesta de satisfacción 2022: Bibliotecas especializadas del Ayuntamiento de Madrid. Hemeroteca Municipal;2022-12-16 00:00:00.0;206203;2022-11-9 19:3:20. 0;;;;;Iniciar la encuesta;Investigación y estudio;;Varias veces al año;Sí;10;No;;No;;Sí;No;Sí;No;10;NS/NC;10;NS/NC;"Publicaciones periódicas siglo XX;Prensa diaria actual";No;;;;;9;7;9;9;9;10;Más personal;Más de 65 años;Mejor de lo que esperaba;NS/NC
3cc101103f7c0510VgnVCM2000000c205a0aRCRD;Encuesta de satisfacción 2022: Bibliotecas especializadas del Ayuntamiento de Madrid. Hemeroteca Municipal;2022-12-16 00:00:00.0;206228;2022-11-10 18:21:53. 0;;;;;Iniciar la encuesta;Interés personal;;Ocasionalmente;Sí;10;No;;No;;Sí;No;Sí;Sí;NS/NC;NS/NC;NS/NC;8;Publicaciones periódicas siglo XX;Sí;8;6;6;8;10;8;8;10;10;8;;Más de 65 años;Mejor de lo que esperaba;NS/NC
3cc101103f7c0510VgnVCM2000000c205a0aRCRD;Encuesta de satisfacción 2022: Bibliotecas especializadas del Ayuntamiento de Madrid. Hemeroteca Municipal;2022-12-16 00:00:00.0;206420;2022-11-18 12:49:25. 0;;;;;Iniciar la encuesta;Investigación y estudio;;Varias veces al año;Sí;10;Sí;10;No;;Sí;Sí;Sí;Sí;10;10;10;10;"Publicaciones periódicas siglo XIX;Publicaciones periódicas siglo XX;Prensa diaria actual";Sí;No sabe, no contesta;No sabe, no contesta;No sabe, no contesta;No sabe, no contesta;10;10;10;10;10;10;;De 45 a 64 años;Mejor de lo que esperaba;NS/NC
3cc101103f7c0510VgnVCM2000000c205a0aRCRD;Encuesta de satisfacción 2022: Bibliotecas especializadas del Ayuntamiento de Madrid. Hemeroteca Municipal;2022-12-16 00:00:00.0;206431;2022-11-20 19:20:5. 0;;;;;Iniciar la encuesta;Investigación y estudio;;Varias veces al año;No;;No;;Sí;7;Sí;No;No;No;5;No sabe, no contesta;No sabe, no contesta;No sabe, no contesta;Publicaciones periódicas siglo XX;Sí;5;3;3;5;7;7;5;3;1;6;;De 45 a 64 años;No contesta;NS/NC
ENCUESTA PRESENCIAL;Encuesta de satisfacción 2022: Bibliotecas especializadas del Ayuntamiento de Madrid. Hemeroteca Municipal;2022-12-16 00:00:00.1;1;2022-10-18 12:18:00. 0;;;;;Iniciar la encuesta;Investigación y estudio;;Ocasionalmente;Si;10;Si;10;No;;;;;;;;;;Publicaciones periódicas siglo XIX;NO;;;;;10;10;7;10;10;10;;De 18 a 29 años;Mejor de lo que esperaba;
ENCUESTA PRESENCIAL;Encuesta de satisfacción 2022: Bibliotecas especializadas del Ayuntamiento de Madrid. Hemeroteca Municipal;2022-12-16 00:00:00.0;2;2022-10-22 13:36:00. 0;;;;;Iniciar la encuesta;Investigación y estudio;;Varias veces al año;Si;9;No;;No;;;;Si;;;;9;;Publicaciones periódicas ss. XX-XXI;Si;9;9;7;7;7;9;8;9;;9;Mayor digitalización de sus fondos;De 45 a 64 años;Igual de lo que esperaba;
ENCUESTA PRESENCIAL;Encuesta de satisfacción 2022: Bibliotecas especializadas del Ayuntamiento de Madrid. Hemeroteca Municipal;2022-12-16 00:00:00.1;3;2022-10-24 15:10:00. 0;;;;;Iniciar la encuesta;Investigación y estudio;;Varias veces al año;Si;10;No;;No;;Si;;;;10;;;;Publicaciones periódicas ss. XX-XXI;Si;10;10;10;10;10;10;10;10;10;8;Completar el catálogo online;De 30 a 44 años;Igual de lo que esperaba;
ENCUESTA PRESENCIAL;Encuesta de satisfacción 2022: Bibliotecas especializadas del Ayuntamiento de Madrid. Hemeroteca Municipal;2022-12-16 00:00:00.2;4;2022-10-24 15:18:00. 0;;;;;Iniciar la encuesta;Investigación y estudio;;Ocasionalmente;Si;10;No;;No;;Si;;Si;No;10;;10;;Publicaciones periódicas ss. XX-XXI;no;;;;;10;10;10;10;10;10;;De 45 a 64 años;;
ENCUESTA PRESENCIAL;Encuesta de satisfacción 2022: Bibliotecas especializadas del Ayuntamiento de Madrid. Hemeroteca Municipal;2022-12-16 00:00:00.3;5;2022-10-26 11:45:00. 0;;;;;Iniciar la encuesta;Investigación y estudio;;Ocasionalmente;Si;10;No;;No;;;;;;;;;;Publicaciones periódicas ss. XX-XXI;Si;10;10;10;10;10;10;10;10;10;10;;De 30 a 44 años;;
ENCUESTA PRESENCIAL;Encuesta de satisfacción 2022: Bibliotecas especializadas del Ayuntamiento de Madrid. Hemeroteca Municipal;2022-12-16 00:00:00.4;6;2022-10-26 18:26:00. 0;;;;;Iniciar la encuesta;Investigación y estudio;;Ocasionalmente;Si;10;No;;No;;Si;No;Si;No;9;;5;;Publicaciones periódicas ss. XX-XXI;Si;7;9;6;9;10;10;10;10;10;10;Más digitalizaciones. Digitalización con buscador porcalendario (como Hemeroteca BNE). Reconocimiento OCR  texto digitalización;De 30 a 44 años;Mejor de lo que esperaba;
ENCUESTA PRESENCIAL;Encuesta de satisfacción 2022: Bibliotecas especializadas del Ayuntamiento de Madrid. Hemeroteca Municipal;2022-12-16 00:00:00.5;7;2022-10-27 12:52:00. 0;;;;;Iniciar la encuesta;Investigación y estudio;;Ocasionalmente;Si;10;No;;Si;10;Si;Si;Si;No;8;9;9;;Publicaciones periódicas s.XIX. Publicaciones periódicas ss. XX y XXI;Si;9;8;7;10;10;10;10;10;9;10;;De 18 a 29 años;Mejor de lo que esperaba;
ENCUESTA PRESENCIAL;Encuesta de satisfacción 2022: Bibliotecas especializadas del Ayuntamiento de Madrid. Hemeroteca Municipal;2022-12-16 00:00:00.6;8;2022-10-27 12:53:00. 0;;;;;Iniciar la encuesta;Investigación y estudio;;Una vez al año;Si;7,5;No;;No;;No;Si;Si;Si;;10;10;10;Publicaciones periódicas ss.XX-XXI;No;;;;;10;10;10;10;8;10;;De 18 a 29 años;Mejor de lo que esperaba;
ENCUESTA PRESENCIAL;Encuesta de satisfacción 2022: Bibliotecas especializadas del Ayuntamiento de Madrid. Hemeroteca Municipal;2022-12-16 00:00:00.7;9;2022-10-27 12:55:00. 0;;;;;Iniciar la encuesta;Investigación y estudio;;Ocasionalmente;Si;10;No;;Si;10;Si;Si;Si;No;9;9;9;;Publicaciones periódicas s.XIX. Publicaciones periódicas ss. XX y XXI;Si;9;9;7;10;10;10;10;10;10;10;;De 18 a 29 años;Mejor de lo que esperaba;
ENCUESTA PRESENCIAL;Encuesta de satisfacción 2022: Bibliotecas especializadas del Ayuntamiento de Madrid. Hemeroteca Municipal;2022-12-16 00:00:00.8;10;2022-10-27 12:56:00. 0;;;;;Iniciar la encuesta;Investigación y estudio;;Ocasionalmente;Si;7;No;;No;;No;Si;Si;Si;;10;8;7;Publicaciones periódicas ss. XX-XXI;No;;;;;10;10;10;9;6;10;;De 18 a 29 años;Mejor de lo que esperaba;
ENCUESTA PRESENCIAL;Encuesta de satisfacción 2022: Bibliotecas especializadas del Ayuntamiento de Madrid. Hemeroteca Municipal;2022-12-16 00:00:00.9;11;2022-10-28 19:25:00. 0;;;;;Iniciar la encuesta;Interés personal;;Varias veces al año;Si;10;No;;No;;No;No;No;No;;;;;Publicaciones periódicas ss. XX-XXI;No;;;;;2;10;10;10;10;8;"Grave dificultad para enchufar ordenadores personales en la red electrica, que está en el suelo y hay que arrastrarse para enchufar; es un trato indigno. Falta de aseos suficientes para tanta gente";Más de 65 años;Igual de lo que esperaba;
ENCUESTA PRESENCIAL;Encuesta de satisfacción 2022: Bibliotecas especializadas del Ayuntamiento de Madrid. Hemeroteca Municipal;2022-12-16 00:00:00.10;12;2022-11-00 19:00:00. 0;;;;;Iniciar la encuesta;Investigación y estudio;;Ocasionalmente;Si;10;Si;10;No;;;;;;;;;;Publicaciones periódicas ss. XX-XXI;Si;10;9;9;;9;9;10;10;10;10;;De 45 a 64 años;Mejor de lo que esperaba;
ENCUESTA PRESENCIAL;Encuesta de satisfacción 2022: Bibliotecas especializadas del Ayuntamiento de Madrid. Hemeroteca Municipal;2022-12-16 00:00:00.11;13;2022-11-02 17:45:00. 0;;;;;Iniciar la encuesta;Interés profesional;;Ocasionalmente;Si;10;No;;No;;;;;;;;;;Publicaciones periódicas ss.XX-XXI;No;;;;;8;10;10;10;5;10;;De 45 a 64 años;Mejor de lo que esperaba;
ENCUESTA PRESENCIAL;Encuesta de satisfacción 2022: Bibliotecas especializadas del Ayuntamiento de Madrid. Hemeroteca Municipal;2022-12-16 00:00:00.12;14;2022-11-02 17:47:00. 0;;;;;Iniciar la encuesta;Investigación y estudio;;Una vez al año;Si;10;Si;10;No;;Si;No;Si;No;10;;5;;Publicaciones ss. XVII-XVIII. Publicaciones periódicas s. XIX;Si;10;3;3;10;10;10;10;10;10;10;1) Que haya publicaciones del ABC en la Web. 2) Que sea más fácil de encontrar;De 18 a 29 años;Mejor de lo que esperaba;
ENCUESTA PRESENCIAL;Encuesta de satisfacción 2022: Bibliotecas especializadas del Ayuntamiento de Madrid. Hemeroteca Municipal;2022-12-16 00:00:00.13;15;2022-11-02 18:04:00. 0;;;;;Iniciar la encuesta;Interés personal;;Ocasionalmente;Si;10;Si;10;No;;Si;No;No;No;10;;;;Publicaciones periódicas ss. XX-XXI;No;;;;;10;10;10;10;10;10;;De 30 a 44 años;Mejor de lo que esperaba;
ENCUESTA PRESENCIAL;Encuesta de satisfacción 2022: Bibliotecas especializadas del Ayuntamiento de Madrid. Hemeroteca Municipal;2022-12-16 00:00:00.14;16;2022-11-03 11:10:00. 0;;;;;Iniciar la encuesta;Interés profesional;;Varias veces al año;Si;9;Si;9;No;;No;No;No;No;;;;;Publicaciones periódicas ss. XX-XXI;No;;;;;9;9;9;10;10;9;1) Mayor servicio microfilomado. 2) Consulta on line para socios. 3) Mayor rapidez en los artículos microfilmados ;De 45 a 64 años;Mejor de lo que esperaba;
ENCUESTA PRESENCIAL;Encuesta de satisfacción 2022: Bibliotecas especializadas del Ayuntamiento de Madrid. Hemeroteca Municipal;2022-12-16 00:00:00.15;17;2022-11-03 13:00:00. 0;;;;;Iniciar la encuesta;Investigación y estudio;;Ocasionalmente;Si;10;No;;No;;No;Si;Si;No;;10;10;;Publicaciones periódicas ss. XX-XXI;Si;10;7;9;9;10;10;10;10;8;10;;De 18 a 29 años;Mejor de lo que esperaba;
ENCUESTA PRESENCIAL;Encuesta de satisfacción 2022: Bibliotecas especializadas del Ayuntamiento de Madrid. Hemeroteca Municipal;2022-12-16 00:00:00.16;18;2022-11-03 16:20:00. 0;;;;;Iniciar la encuesta;Investigación y estudio;;Varias veces al año;Si;8;No;;No;;;;;;;;;;Publicaciones periódicas s. XIX;No;;;;;;9;9;9;;9;;Más de 65 años;Mejor de lo que esperaba;
ENCUESTA PRESENCIAL;Encuesta de satisfacción 2022: Bibliotecas especializadas del Ayuntamiento de Madrid. Hemeroteca Municipal;2022-12-16 00:00:00.17;19;2022-11-03 18:50:00. 0;;;;;Iniciar la encuesta;Investigación y estudio;;Varios días al mes;Si;10;No;;Si;10;No;No;No;No;;;;;Publicaciones periódicas ss. XX-XXI;Si;;;;;5;8;10;10;10;8;1) Falta de enchufes en mesas. 2) La reducción de espacios me parece mala gestión. 3) Las temperaturas,en verano e invierno, extremas;De 45 a 64 años;Igual de lo que esperaba;
ENCUESTA PRESENCIAL;Encuesta de satisfacción 2022: Bibliotecas especializadas del Ayuntamiento de Madrid. Hemeroteca Municipal;2022-12-16 00:00:00.18;20;2022-11-04 10:30:00. 0;;;;;Iniciar la encuesta;Investigación y estudio;;Varios días al mes;Si;7;No;;No;;;Si;;;;8;;;Publicaciones periódicas ss.XX-XXI. Prensa diaria actual;No;;;;;10;9;9;10;10;9;"Que restauren pronto los tomos con ""sabanilla"", p. ej. del Diario Ya, no restaurados largo tiempo ha";De 45 a 64 años;Igual de lo que esperaba;
ENCUESTA PRESENCIAL;Encuesta de satisfacción 2022: Bibliotecas especializadas del Ayuntamiento de Madrid. Hemeroteca Municipal;2022-12-16 00:00:00.19;21;2022-11-15 13:16:00. 0;;;;;Iniciar la encuesta;Investigación y estudio;;Varios días a la semana;Si;10;Si;10;No;;Si;No;Si;No;10;;10;;Publicaciones periódicas ss. XX-XXI;Si;10;9;10;10;10;10;10;10;10;10;;De 18 a 29 años;;
ENCUESTA PRESENCIAL;Encuesta de satisfacción 2022: Bibliotecas especializadas del Ayuntamiento de Madrid. Hemeroteca Municipal;2022-12-16 00:00:00.20;22;2022-11-16 13:50:00. 0;;;;;Iniciar la encuesta;Interés personal;;Ocasionalmente;Si;10;No;;Si;10;No;No;No;No;;;;;Publicaciones periódicas ss. XX-XXI;Si;8;7;7;10;10;10;10;10;10;10;;De 45 a 64 años;Mejor de lo que esperaba;
ENCUESTA PRESENCIAL;Encuesta de satisfacción 2022: Bibliotecas especializadas del Ayuntamiento de Madrid. Hemeroteca Municipal;2022-12-16 00:00:00.21;23;2022-11-16 14:00:00. 0;;;;;Iniciar la encuesta;Investigación y estudio;;Varios días al mes;Si;10;No;;No;;Si;Si;Si;No;10;10;9;;Publicaciones periódicas ss. XX-XXI;Si;9;3;3;;10;10;10;10;10;9;;De 18 a 29 años;Mejor de lo que esperaba;
ENCUESTA PRESENCIAL;Encuesta de satisfacción 2022: Bibliotecas especializadas del Ayuntamiento de Madrid. Hemeroteca Municipal;2022-12-16 00:00:00.22;24;2022-11-16 14:00:00. 0;;;;;Iniciar la encuesta;Investigación y estudio;;Varios días al mes;Si;10;No;;No;;;;;;;;;;Publicaciones periódicas ss. XX-XXI;No;;;;;9;;;10;10;9;;Más de 65 años;Igual de lo que esperaba;
ENCUESTA PRESENCIAL;Encuesta de satisfacción 2022: Bibliotecas especializadas del Ayuntamiento de Madrid. Hemeroteca Municipal;2022-12-16 00:00:00.23;25;2022-11-17 16:26:00. 0;;;;;Iniciar la encuesta;Investigación y estudio;;Varios días al mes;Si;10;No;;No;;Si;Si;;No;;7;;;Publicaciones periódicas s. XIX;Si;8;10;4;9;10;10;8;9;6;9;;De 18 a 29 años;Mejor de lo que esperaba;
ENCUESTA PRESENCIAL;Encuesta de satisfacción 2022: Bibliotecas especializadas del Ayuntamiento de Madrid. Hemeroteca Municipal;2022-12-16 00:00:00.24;26;2022-11-22 14:37:00. 0;;;;;Iniciar la encuesta;Investigación y estudio;;Varias veces al año;Si;10;No;;No;;;Si;Si;;;9;9;;Publicaciones periódicas ss. XX-XXI. Prensa diaria actual;Si;9;8;8;;9;10;10;10;10;9;Poner enchufes a mano en la sala de investigación;De 45 a 64 años;Mejor de lo que esperaba;
ENCUESTA PRESENCIAL;Encuesta de satisfacción 2022: Bibliotecas especializadas del Ayuntamiento de Madrid. Hemeroteca Municipal;2022-12-16 00:00:00.25;27;2022-11-23 10:45:00. 0;;;;;Iniciar la encuesta;Interés personal;;Varias veces al año;Si;10;No;;No;;;;;;;;;;Publicaciones periódicas ss. XX-XXI. Prensa diaria actual;No;;;;;10;10;10;10;10;10;;Más de 65 años;Mejor de lo que esperaba;
ENCUESTA PRESENCIAL;Encuesta de satisfacción 2022: Bibliotecas especializadas del Ayuntamiento de Madrid. Hemeroteca Municipal;2022-12-16 00:00:00.26;28;2022-11-23 10:45:00. 0;;;;;Iniciar la encuesta;Interés personal;;Varias veces al año;Si;7;No;;No;;;;Si;;;;8;;Publicaciones periódicas ss. XX-XXI. Prensa diaria actual;No;;;;;10;10;10;10;;10;Todo es mejorable, aunque de momento la encuentro bien;Más de 65 años;Mejor de lo que esperaba;
ENCUESTA PRESENCIAL;Encuesta de satisfacción 2022: Bibliotecas especializadas del Ayuntamiento de Madrid. Hemeroteca Municipal;2022-12-16 00:00:00.27;29;2022-11-23 11:07:00. 0;;;;;Iniciar la encuesta;Investigación y estudio;;Varias veces al año;Si;10;No;;No;;Si;;Si;;10;;10;;Publicaciones periódicas ss. XX-XXI;Si;9;9;10;10;10;10;9;10;10;10;Fomentar la digitalización;De 30 a 44 años;Mejor de lo que esperaba;
ENCUESTA PRESENCIAL;Encuesta de satisfacción 2022: Bibliotecas especializadas del Ayuntamiento de Madrid. Hemeroteca Municipal;2022-12-16 00:00:00.28;30;2022-11-25 14:00:00. 0;;;;;Iniciar la encuesta;Investigación y estudio;;Ocasionalmente;Si;10;No;;No;;No;Si;No;No;;10;;;Publicaciones periódicas s. XIX. Publicaciones periódicas ss. XX-XXI;Si;10;10;7;10;10;10;10;10;10;10;Digitalizar esta encuesta (ahorro de tiempo, papel y espacio);De 30 a 44 años;Mejor de lo que esperaba;
ENCUESTA PRESENCIAL;Encuesta de satisfacción 2022: Bibliotecas especializadas del Ayuntamiento de Madrid. Hemeroteca Municipal;2022-12-16 00:00:00.29;31;2022-11-28 10:48:00. 0;;;;;Iniciar la encuesta;Investigación y estudio;;Varias veces al año;Si;10;No;;No;;Si;No;Si;No;10;;9;;Publicaciones periódicas ss. XX-XXI;Si;8;8;8;8;9;10;10;10;10;9;Mejor señalización para llegar al edificio de la Hemeroteca;De 18 a 29 años;Mejor de lo que esperaba;
ENCUESTA PRESENCIAL;Encuesta de satisfacción 2022: Bibliotecas especializadas del Ayuntamiento de Madrid. Hemeroteca Municipal;2022-12-16 00:00:00.30;32;2022-11-30 17:00:00. 0;;;;;Iniciar la encuesta;Investigación y estudio;;Ocasionalmente;Si;9;No;;No;;;;Si;;;;8;;Publicaciones periódicas ss.XX_XXI;Si;7;8;8;6;8;9;8;9;9;8;;Más de 65 años;Mejor de lo que esperaba;
ENCUESTA PRESENCIAL;Encuesta de satisfacción 2022: Bibliotecas especializadas del Ayuntamiento de Madrid. Hemeroteca Municipal;2022-12-16 00:00:00.31;33;2022-11-30 18:00:00. 0;;;;;Iniciar la encuesta;Interés profesional;;Varios días al mes;Si;10;No;;No;;Si;No;No;No;9;;;;Publicaciones periódicas ss. XX-XXI. Prensa diaria actual;Si;;10;10;;10;10;10;10;6;10;;De 30 a 44 años;Mejor de lo que esperaba;
ENCUESTA PRESENCIAL;Encuesta de satisfacción 2022: Bibliotecas especializadas del Ayuntamiento de Madrid. Hemeroteca Municipal;2022-12-16 00:00:00.32;34;2022-12-01 00:00:00. 0;;;;;Iniciar la encuesta;Investigación y estudio;;Ocasionalmente;Si;10;No;;No;;;;;;;;;;Publicaciones periódicas ss. XX-XXI;No;;;;;10;10;10;10;10;;;Más de 65 años;Mejor de lo que esperaba;
ENCUESTA PRESENCIAL;Encuesta de satisfacción 2022: Bibliotecas especializadas del Ayuntamiento de Madrid. Hemeroteca Municipal;2022-12-16 00:00:00.33;35;2022-12-01 12:21:00. 0;;;;;Iniciar la encuesta;Investigación y estudio;;Ocasionalmente;Si;10;No;;No;;Si;Si;No;No;10;9;;;Publicaciones periódicas ss. XX-XXI;No;;;;;9;10;10;10;10;9;;De 45 a 64 años;Mejor de lo que esperaba;
ENCUESTA PRESENCIAL;Encuesta de satisfacción 2022: Bibliotecas especializadas del Ayuntamiento de Madrid. Hemeroteca Municipal;2022-12-16 00:00:00.34;36;2022-12-07 11:07:00. 0;;;;;Iniciar la encuesta;Investigación y estudio;;Varias veces al año;Si;10;No;;No;;;;Si;;;;7;;Publicaciones periódicas ss. XX-XXI;Si;8;5;5;8;8;10;9;10;;9;;De 45 a 64 años;Igual de lo que esperaba;
ENCUESTA PRESENCIAL;Encuesta de satisfacción 2022: Bibliotecas especializadas del Ayuntamiento de Madrid. Hemeroteca Municipal;2022-12-16 00:00:00.30;37;2022-12-07 11:15:00. 0;;;;;Iniciar la encuesta;Interés profesional;;Ocasionalmente;Si;10;No;;No;;;;;;;;;;Publicaciones periódicas ss. XX-XXI;No;;;;;9;9;10;10;10;9;;De 45 a 64 años;Igual de lo que esperaba;
ENCUESTA PRESENCIAL;Encuesta de satisfacción 2022: Bibliotecas especializadas del Ayuntamiento de Madrid. Hemeroteca Municipal;2022-12-16 00:00:00.31;38;2022-12-07 14:55:00. 0;;;;;Iniciar la encuesta;Interés personal;;Ocasionalmente;Si;10;No;;No;;;;;;;;;;Publicaciones periódicas ss. XX-XXI. Prensa diaria actual;No;;;;;10;10;10;10;10;10;;De 45 a 64 años;Mejor de lo que esperaba;
ENCUESTA PRESENCIAL;Encuesta de satisfacción 2022: Bibliotecas especializadas del Ayuntamiento de Madrid. Hemeroteca Municipal;2022-12-16 00:00:00.32;39;2022-12-07 15:00:00. 0;;;;;Iniciar la encuesta;Interés personal;;Ocasionalmente;Si;10;No;;No;;;;;;;;;;Publicaciones periódicas ss. XX-XXI;No;;;;;10;10;10;10;10;10;;Más de 65 años;Igual de lo que esperaba;
ENCUESTA PRESENCIAL;Encuesta de satisfacción 2022: Bibliotecas especializadas del Ayuntamiento de Madrid. Hemeroteca Municipal;2022-12-16 00:00:00.33;40;2022-12-09 10:20:00. 0;;;;;Iniciar la encuesta;Investigación y estudio;;Ocasionalmente;Si;10;No;;No;;No;Si;No;No;;10;;;Publicaciones periódicas s. XIX;Si;8;8;8;10;10;10;10;10;9;10;;De 18 a 29 años;;
ENCUESTA PRESENCIAL;Encuesta de satisfacción 2022: Bibliotecas especializadas del Ayuntamiento de Madrid. Hemeroteca Municipal;2022-12-16 00:00:00.34;41;2022-12-13 13:32:00. 0;;;;;Iniciar la encuesta;Investigación y estudio;;Ocasionalmente;Si;10;No;;No;;;;;;;;;;Publicaciones periódicas ss. XX-XXI;Si;10;9;8;8;10;10;10;10;10;10;;De 18 a 29 años;Igual de lo que esperaba;
ENCUESTA PRESENCIAL;Encuesta de satisfacción 2022: Bibliotecas especializadas del Ayuntamiento de Madrid. Hemeroteca Municipal;2022-12-16 00:00:00.35;42;2022-00-00 00:00:00. 0;;;;;Iniciar la encuesta;Interés personal;;Ocasionalmente;Si;10;Si;8;No;;;;;;;;;;;;;;;;;;;;;;;;;
